fold,feature,perturbation_level,feature_mean,feature_std,clean_f1,perturbed_f1,delta_f1,clean_balanced_accuracy,perturbed_balanced_accuracy,delta_balanced_accuracy,clean_roc_auc,perturbed_roc_auc,delta_roc_auc
1,sttl,0.05,179.44665252279844,102.97989218097646,0.943649116665208,0.9427727432033245,-0.0008763734618835173,0.9083224455187088,0.9076760453237974,-0.0006464001949113563,0.968902421829733,0.9628532227244488,-0.00604919910528412
1,sttl,0.1,179.44665252279844,102.97989218097646,0.943649116665208,0.9390375675336098,-0.004611549131598225,0.9083224455187088,0.9043130660266436,-0.004009379492065146,0.968902421829733,0.9606513962002887,-0.008251025629444242
1,sttl,0.2,179.44665252279844,102.97989218097646,0.943649116665208,0.9271635589785164,-0.016485557686691577,0.9083224455187088,0.8912347577665266,-0.017087687752182168,0.968902421829733,0.9544209294581925,-0.014481492371540505
1,ct_state_ttl,0.05,1.3027529214502027,0.9536833313181854,0.943649116665208,0.943649116665208,0.0,0.9083224455187088,0.9083224455187088,0.0,0.968902421829733,0.9689024225030671,6.733341662013004e-10
1,ct_state_ttl,0.1,1.3027529214502027,0.9536833313181854,0.943649116665208,0.943649116665208,0.0,0.9083224455187088,0.9083224455187088,0.0,0.968902421829733,0.9689024225030671,6.733341662013004e-10
1,ct_state_ttl,0.2,1.3027529214502027,0.9536833313181854,0.943649116665208,0.9436929616202026,4.3844954994542995e-05,0.9083224455187088,0.9083175045920722,-4.9409266366096105e-06,0.968902421829733,0.9687580125090958,-0.00014440932063719547
1,dload,0.05,677901.0225179307,2442962.005078767,0.943649116665208,0.9488529340738951,0.005203817408687139,0.9083224455187088,0.893475200009222,-0.014847245509486795,0.968902421829733,0.9652153357905723,-0.003687086039160681
1,dload,0.1,677901.0225179307,2442962.005078767,0.943649116665208,0.9492032473250582,0.0055541306598502205,0.9083224455187088,0.8934055934090597,-0.014916852109649104,0.968902421829733,0.9641280316234389,-0.00477439020629411
1,dload,0.2,677901.0225179307,2442962.005078767,0.943649116665208,0.9484312235370752,0.004782106871867198,0.9083224455187088,0.892146253690848,-0.016176191827860786,0.968902421829733,0.9645727244474168,-0.004329697382316144
1,ct_dst_sport_ltm,0.05,4.2077095488220095,5.784338477138101,0.943649116665208,0.9427281933314163,-0.0009209233337916789,0.9083224455187088,0.9068236856522411,-0.001498759866467636,0.968902421829733,0.9671290526944102,-0.0017733691353227776
1,ct_dst_sport_ltm,0.1,4.2077095488220095,5.784338477138101,0.943649116665208,0.9387923593650317,-0.004856757300176318,0.9083224455187088,0.9010113749584788,-0.007311070560229949,0.968902421829733,0.961111088217747,-0.007791333611985918
1,ct_dst_sport_ltm,0.2,4.2077095488220095,5.784338477138101,0.943649116665208,0.9357042747021724,-0.007944841963035576,0.9083224455187088,0.8963965986332446,-0.011925846885464164,0.968902421829733,0.9550313264714111,-0.013871095358321872
1,dmean,0.05,124.61254640956764,258.6732585945273,0.943649116665208,0.9447291361639825,0.0010800194987744538,0.9083224455187088,0.8938030336562348,-0.014519411862473963,0.968902421829733,0.9630776039525043,-0.005824817877228661
1,dmean,0.1,124.61254640956764,258.6732585945273,0.943649116665208,0.9459443018261896,0.0022951851609815943,0.9083224455187088,0.8938587722644362,-0.014463673254272558,0.968902421829733,0.9604110939841815,-0.00849132784555151
1,dmean,0.2,124.61254640956764,258.6732585945273,0.943649116665208,0.9464441430093983,0.0027950263441902656,0.9083224455187088,0.8916064732791482,-0.01671597223956056,0.968902421829733,0.9582396166541196,-0.010662805175613355
1,rate,0.05,95178.56966099625,164931.80067385136,0.943649116665208,0.9399557581609083,-0.0036933585042997485,0.9083224455187088,0.8872404757747404,-0.021081969743968365,0.968902421829733,0.9610488882942001,-0.007853533535532864
1,rate,0.1,95178.56966099625,164931.80067385136,0.943649116665208,0.9393798373665132,-0.004269279298694806,0.9083224455187088,0.8876994648312545,-0.020622980687454273,0.968902421829733,0.9601366685355732,-0.00876575329415974
1,rate,0.2,95178.56966099625,164931.80067385136,0.943649116665208,0.9376429783779795,-0.006006138287228513,0.9083224455187088,0.8878260213679119,-0.020496424150796888,0.968902421829733,0.9605004615975533,-0.00840196023217965
1,swin,0.05,116.26714801444044,127.00133759491955,0.943649116665208,0.943649116665208,0.0,0.9083224455187088,0.9083224455187088,0.0,0.968902421829733,0.9686997421641603,-0.00020267966557263595
1,swin,0.1,116.26714801444044,127.00133759491955,0.943649116665208,0.9436595063642502,1.0389699042212541e-05,0.9083224455187088,0.9083634468604485,4.1001341739677066e-05,0.968902421829733,0.966101661134418,-0.0028007606953149855
1,swin,0.2,116.26714801444044,127.00133759491955,0.943649116665208,0.9425232649891659,-0.0011258516760420667,0.9083224455187088,0.9077040439080717,-0.0006184016106370871,0.968902421829733,0.9616025218845073,-0.007299899945225619
1,dwin,0.05,115.02762331685116,126.88790252911241,0.943649116665208,0.9431439801717447,-0.0005051364934632874,0.9083224455187088,0.9083090091339944,-1.3436384714404781e-05,0.968902421829733,0.9694365637405258,0.000534141910792818
1,dwin,0.1,115.02762331685116,126.88790252911241,0.943649116665208,0.9427533508706,-0.0008957657946080388,0.9083224455187088,0.9081560989686055,-0.00016634655010328014,0.968902421829733,0.9692910191783637,0.0003885973486307259
1,dwin,0.2,115.02762331685116,126.88790252911241,0.943649116665208,0.9423561410325508,-0.0012929756326571784,0.9083224455187088,0.9079195391441917,-0.0004029063745171202,0.968902421829733,0.9693364315326949,0.00043400970296192387
2,sttl,0.05,179.47922049035878,102.96272475268796,0.9439726232702204,0.9428292389752836,-0.0011433842949367667,0.9081172657631114,0.9079789177972823,-0.000138347965829011,0.9682247802728583,0.9589560611164478,-0.009268719156410477
2,sttl,0.1,179.47922049035878,102.96272475268796,0.9439726232702204,0.9390165747244876,-0.0049560485457327275,0.9081172657631114,0.9043715774252361,-0.0037456883378752526,0.9682247802728583,0.9571688852625801,-0.01105589501027815
2,sttl,0.2,179.47922049035878,102.96272475268796,0.9439726232702204,0.9272043269535258,-0.01676829631669452,0.9081172657631114,0.8912724651571752,-0.016844800605936183,0.9682247802728583,0.9512445748450462,-0.01698020542781209
2,ct_state_ttl,0.05,1.3035912878334217,0.9528692795738815,0.9439726232702204,0.9439726232702204,0.0,0.9081172657631114,0.9081172657631114,0.0,0.9682247802728583,0.9682247802728583,0.0
2,ct_state_ttl,0.1,1.3035912878334217,0.9528692795738815,0.9439726232702204,0.9439726232702204,0.0,0.9081172657631114,0.9081172657631114,0.0,0.9682247802728583,0.9682247802728583,0.0
2,ct_state_ttl,0.2,1.3035912878334217,0.9528692795738815,0.9439726232702204,0.9439740227301111,1.3994598907496325e-06,0.9081172657631114,0.9081030496573497,-1.4216105761688524e-05,0.9682247802728583,0.968034183590182,-0.0001905966826762917
2,dload,0.05,667153.8777692242,2402394.267698859,0.9439726232702204,0.9508180920022169,0.00684546873199654,0.9081172657631114,0.8952402527933743,-0.01287701296973709,0.9682247802728583,0.9622117540294945,-0.0060130262433637505
2,dload,0.1,667153.8777692242,2402394.267698859,0.9439726232702204,0.9506111880532305,0.00663856478301017,0.9081172657631114,0.8946033883579378,-0.013513877405173513,0.9682247802728583,0.9626241665367805,-0.005600613736077786
2,dload,0.2,667153.8777692242,2402394.267698859,0.9439726232702204,0.9506838759391254,0.006711252668905043,0.9081172657631114,0.894552505162925,-0.01356476060018641,0.9682247802728583,0.9621588784384723,-0.006065901834386045
2,ct_dst_sport_ltm,0.05,4.208984207914863,5.782402863413036,0.9439726232702204,0.9428207434052758,-0.0011518798649445827,0.9081172657631114,0.9063353971297055,-0.001781868633405903,0.9682247802728583,0.9664595450151277,-0.0017652352577306463
2,ct_dst_sport_ltm,0.1,4.208984207914863,5.782402863413036,0.9439726232702204,0.9387030648467577,-0.005269558423462661,0.9081172657631114,0.9003471186129164,-0.007770147150194973,0.9682247802728583,0.9604807329043872,-0.007744047368471119
2,ct_dst_sport_ltm,0.2,4.208984207914863,5.782402863413036,0.9439726232702204,0.9369473039062403,-0.007025319363980098,0.9081172657631114,0.8980422874370672,-0.010074978326044204,0.9682247802728583,0.9552691003174555,-0.01295567995540281
2,dmean,0.05,124.38509247694492,258.74340700438404,0.9439726232702204,0.9436861322812262,-0.00028649098899413694,0.9081172657631114,0.8949637258686098,-0.01315353989450152,0.9682247802728583,0.9646520048405729,-0.003572775432285402
2,dmean,0.1,124.38509247694492,258.74340700438404,0.9439726232702204,0.9458360719589084,0.0018634486886880408,0.9081172657631114,0.8939698138335872,-0.014147451929524157,0.9682247802728583,0.9622085260651588,-0.006016254207699467
2,dmean,0.2,124.38509247694492,258.74340700438404,0.9439726232702204,0.9467664946330353,0.002793871362814948,0.9081172657631114,0.8923422437807684,-0.01577502198234293,0.9682247802728583,0.9583548241422,-0.00986995613065833
2,rate,0.05,95596.27919342963,165694.70447513738,0.9439726232702204,0.9407656997753687,-0.0032069234948516323,0.9081172657631114,0.8878081672372635,-0.020309098525847835,0.9682247802728583,0.9605753309781179,-0.007649449294740429
2,rate,0.1,95596.27919342963,165694.70447513738,0.9439726232702204,0.9389603554424059,-0.005012267827814498,0.9081172657631114,0.8866515466770242,-0.021465719086087187,0.9682247802728583,0.9600710420140903,-0.008153738258767973
2,rate,0.2,95596.27919342963,165694.70447513738,0.9439726232702204,0.9385927243727379,-0.005379898897482471,0.9081172657631114,0.8876905357459276,-0.02042673001718376,0.9682247802728583,0.9598822518871739,-0.008342528385684389
2,swin,0.05,116.40533303676835,127.01457144217339,0.9439726232702204,0.9394179196342214,-0.004554703635998969,0.9081172657631114,0.9047344352259601,-0.0033828305371512712,0.9682247802728583,0.9620301423188871,-0.006194637953971238
2,swin,0.1,116.40533303676835,127.01457144217339,0.9439726232702204,0.9333367110413051,-0.010635912228915245,0.9081172657631114,0.90078200567039,-0.007335260092721341,0.9682247802728583,0.9557545850762253,-0.01247019519663295
2,swin,0.2,116.40533303676835,127.01457144217339,0.9439726232702204,0.9255006265824404,-0.01847199668777999,0.9081172657631114,0.8950134670887557,-0.013103798674355627,0.9682247802728583,0.9512932589304387,-0.016931521342419598
2,dwin,0.05,115.19811966396907,126.90425600877181,0.9439726232702204,0.9434802180763268,-0.0004924051938935969,0.9081172657631114,0.9081306146143748,1.3348851263472739e-05,0.9682247802728583,0.9689100783133505,0.0006852980404922215
2,dwin,0.1,115.19811966396907,126.90425600877181,0.9439726232702204,0.9428843169645091,-0.0010883063057112174,0.9081172657631114,0.90771973394248,-0.0003975318206314027,0.9682247802728583,0.968755997219722,0.0005312169468637551
2,dwin,0.2,115.19811966396907,126.90425600877181,0.9439726232702204,0.9426231561020811,-0.0013494671681392179,0.9081172657631114,0.9077209472907763,-0.00039631847233501105,0.9682247802728583,0.9687258136658462,0.0005010333929879041
3,sttl,0.05,179.71511797012678,102.8776189070447,0.9447103400139595,0.9428028598570072,-0.0019074801569523014,0.9079465518102482,0.9068125035086761,-0.0011340483015720437,0.9670536229249548,0.9593498939265068,-0.007703728998447956
3,sttl,0.1,179.71511797012678,102.8776189070447,0.9447103400139595,0.9391696977298382,-0.005540642284121322,0.9079465518102482,0.903368648401967,-0.004577903408281236,0.9670536229249548,0.9575944145207547,-0.009459208404200115
3,sttl,0.2,179.71511797012678,102.8776189070447,0.9447103400139595,0.9274339417397134,-0.017276398274246096,0.9079465518102482,0.8906845816320622,-0.01726197017818598,0.9670536229249548,0.9526444550871986,-0.014409167837756143
3,ct_state_ttl,0.05,1.3061919345732032,0.9566622217204337,0.9447103400139595,0.9447103400139595,0.0,0.9079465518102482,0.9079465518102482,0.0,0.9670536229249548,0.9670536229249548,0.0
3,ct_state_ttl,0.1,1.3061919345732032,0.9566622217204337,0.9447103400139595,0.9447103400139595,0.0,0.9079465518102482,0.9079465518102482,0.0,0.9670536229249548,0.9670536229249548,0.0
3,ct_state_ttl,0.2,1.3061919345732032,0.9566622217204337,0.9447103400139595,0.944801026957638,9.06869436785307e-05,0.9079465518102482,0.9080487513667491,0.00010219955650092594,0.9670536229249548,0.9667436312277522,-0.0003099916972025829
3,dload,0.05,668561.822277822,2418404.7212397084,0.9447103400139595,0.9490139956824412,0.004303655668481676,0.9079465518102482,0.8967157493071201,-0.011230802503128134,0.9670536229249548,0.9617035777848255,-0.005350045140129267
3,dload,0.1,668561.822277822,2418404.7212397084,0.9447103400139595,0.9485861182519281,0.0038757782379685857,0.9079465518102482,0.895907825576468,-0.012038726233780217,0.9670536229249548,0.9607126440114013,-0.006340978913553452
3,dload,0.2,668561.822277822,2418404.7212397084,0.9447103400139595,0.9492010378021871,0.004490697788227638,0.9079465518102482,0.8967921877098717,-0.011154364100376513,0.9670536229249548,0.9606712186378893,-0.006382404287065491
3,ct_dst_sport_ltm,0.05,4.202071962632813,5.784036054987153,0.9447103400139595,0.9435185300607073,-0.0011918099532521875,0.9079465518102482,0.9061553644745645,-0.0017911873356837305,0.9670536229249548,0.9652932017787205,-0.0017604211462343144
3,ct_dst_sport_ltm,0.1,4.202071962632813,5.784036054987153,0.9447103400139595,0.9399942578237152,-0.004716082190244331,0.9079465518102482,0.9015205074903925,-0.006426044319855717,0.9670536229249548,0.9598514310939719,-0.007202191830982918
3,ct_dst_sport_ltm,0.2,4.202071962632813,5.784036054987153,0.9447103400139595,0.9369854812153869,-0.0077248587985725425,0.9079465518102482,0.8962515980662185,-0.011694953744029735,0.9670536229249548,0.9535485498415084,-0.013505073083446395
3,dmean,0.05,123.52250757096172,257.5325384831947,0.9447103400139595,0.9460360899683571,0.0013257499543976037,0.9079465518102482,0.8968110739255746,-0.011135477884673617,0.9670536229249548,0.9650377725795436,-0.0020158503454111854
3,dmean,0.1,123.52250757096172,257.5325384831947,0.9447103400139595,0.946990619639142,0.002280279625182513,0.9079465518102482,0.8955604849871379,-0.012386066823110276,0.9670536229249548,0.9619682918538088,-0.005085331071145949
3,dmean,0.2,123.52250757096172,257.5325384831947,0.9447103400139595,0.9483911610777283,0.003680821063768769,0.9079465518102482,0.8949739921699722,-0.012972559640275994,0.9670536229249548,0.958756186127836,-0.008297436797118807
3,rate,0.05,95443.71246114238,165575.84891612877,0.9447103400139595,0.9492481658151529,0.00453782580119344,0.9079465518102482,0.8959281965363817,-0.012018355273866521,0.9670536229249548,0.9622046038770723,-0.004849019047882486
3,rate,0.1,95443.71246114238,165575.84891612877,0.9447103400139595,0.946203878183697,0.0014935381697375183,0.9079465518102482,0.8937816449324489,-0.014164906877799255,0.9670536229249548,0.9603122303817299,-0.006741392543224922
3,rate,0.2,95443.71246114238,165575.84891612877,0.9447103400139595,0.9437436655147571,-0.0009666744992024023,0.9079465518102482,0.8927737278399839,-0.015172823970264315,0.9670536229249548,0.9601566709363466,-0.00689695198860818
3,swin,0.05,116.09953462110973,126.98752057825273,0.9447103400139595,0.9391280332416927,-0.005582306772266787,0.9079465518102482,0.9038930600572259,-0.004053491753022276,0.9670536229249548,0.960956095600591,-0.0060975273243637496
3,swin,0.1,116.09953462110973,126.98752057825273,0.9447103400139595,0.9312526146317964,-0.013457725382163055,0.9079465518102482,0.8981145641992394,-0.009831987611008786,0.9670536229249548,0.9535959323724047,-0.013457690552550083
3,swin,0.2,116.09953462110973,126.98752057825273,0.9447103400139595,0.9237462730495093,-0.02096406696445019,0.9079465518102482,0.8927994654263648,-0.015147086383883401,0.9670536229249548,0.9493723125001918,-0.017681310424762953
3,dwin,0.05,114.8151316577412,126.86768003140408,0.9447103400139595,0.9447103400139595,0.0,0.9079465518102482,0.9079465518102482,0.0,0.9670536229249548,0.9670512682081724,-2.3547167823378956e-06
3,dwin,0.1,114.8151316577412,126.86768003140408,0.9447103400139595,0.9447103400139595,0.0,0.9079465518102482,0.9079465518102482,0.0,0.9670536229249548,0.9665708676034181,-0.00048275532153663203
3,dwin,0.2,114.8151316577412,126.86768003140408,0.9447103400139595,0.9447103400139595,0.0,0.9079465518102482,0.9079465518102482,0.0,0.9670536229249548,0.9653903976462281,-0.0016632252787266433
