fold,feature,perturbation_level,direction,clean_f1,perturbed_f1,delta_f1,clean_balanced_accuracy,perturbed_balanced_accuracy,delta_balanced_accuracy,clean_roc_auc,perturbed_roc_auc,delta_roc_auc,f1_degradation
1,sttl,0.05,-1,0.943649116665208,0.9424226849356282,-0.0012264317295798133,0.9083224455187088,0.9081228988773444,-0.0001995466413643454,0.968902421829733,0.9539043582043341,-0.014998063625398905,0.0012264317295798133
1,sttl,0.05,1,0.943649116665208,0.9436353863269873,-1.3730338220718785e-05,0.9083224455187088,0.9081693623064208,-0.0001530832122880188,0.968902421829733,0.9707178878216002,0.0018154659918672156,1.3730338220718785e-05
1,sttl,0.1,-1,0.943649116665208,0.9424226849356282,-0.0012264317295798133,0.9083224455187088,0.9081228988773444,-0.0001995466413643454,0.968902421829733,0.9539043582043341,-0.014998063625398905,0.0012264317295798133
1,sttl,0.1,1,0.943649116665208,0.9436353863269873,-1.3730338220718785e-05,0.9083224455187088,0.9081693623064208,-0.0001530832122880188,0.968902421829733,0.9707180736618498,0.001815651832116849,1.3730338220718785e-05
1,sttl,0.2,-1,0.943649116665208,0.9424226849356282,-0.0012264317295798133,0.9083224455187088,0.9081228988773444,-0.0001995466413643454,0.968902421829733,0.9539043582043341,-0.014998063625398905,0.0012264317295798133
1,sttl,0.2,1,0.943649116665208,0.9436353863269873,-1.3730338220718785e-05,0.9083224455187088,0.9081693623064208,-0.0001530832122880188,0.968902421829733,0.9707180736618498,0.001815651832116849,1.3730338220718785e-05
1,ct_state_ttl,0.05,-1,0.943649116665208,0.9395073891625616,-0.004141727502646408,0.9083224455187088,0.8916884699026195,-0.016633975616089258,0.968902421829733,0.9247896066173995,-0.044112815212333456,0.004141727502646408
1,ct_state_ttl,0.05,1,0.943649116665208,0.9450543978888142,0.0014052812236061696,0.9083224455187088,0.9076432808797883,-0.000679164638920482,0.968902421829733,0.9413900771218184,-0.027512344707914527,0.0
1,ct_state_ttl,0.1,-1,0.943649116665208,0.9395073891625616,-0.004141727502646408,0.9083224455187088,0.8916884699026195,-0.016633975616089258,0.968902421829733,0.9247896066173995,-0.044112815212333456,0.004141727502646408
1,ct_state_ttl,0.1,1,0.943649116665208,0.9450543978888142,0.0014052812236061696,0.9083224455187088,0.9076432808797883,-0.000679164638920482,0.968902421829733,0.9413900771218184,-0.027512344707914527,0.0
1,ct_state_ttl,0.2,-1,0.943649116665208,0.9394581280788178,-0.004190988586390221,0.9083224455187088,0.8916097611702312,-0.016712684348477613,0.968902421829733,0.9245887301409158,-0.04431369168881716,0.004190988586390221
1,ct_state_ttl,0.2,1,0.943649116665208,0.9450543978888142,0.0014052812236061696,0.9083224455187088,0.9076432808797883,-0.000679164638920482,0.968902421829733,0.9413900771218184,-0.027512344707914527,0.0
1,dload,0.05,-1,0.943649116665208,0.9433886976906579,-0.0002604189745500918,0.9083224455187088,0.9061448671071188,-0.002177578411589942,0.968902421829733,0.9749280145099759,0.006025592680242942,0.0002604189745500918
1,dload,0.05,1,0.943649116665208,0.9493642760153067,0.0057151593500986975,0.9083224455187088,0.9089775182586025,0.0006550727398937362,0.968902421829733,0.9750694423066082,0.006167020476875229,0.0
1,dload,0.1,-1,0.943649116665208,0.9404523618895116,-0.0031967547756963643,0.9083224455187088,0.903663980574792,-0.004658464943916751,0.968902421829733,0.9727962531265939,0.003893831296860939,0.0031967547756963643
1,dload,0.1,1,0.943649116665208,0.95125,0.00760088333479203,0.9083224455187088,0.9072237377629245,-0.001098707755784245,0.968902421829733,0.9737497826140414,0.004847360784308474,0.0
1,dload,0.2,-1,0.943649116665208,0.9385630424966133,-0.005086074168594745,0.9083224455187088,0.9024554365181423,-0.00586700900056647,0.968902421829733,0.9719914254655493,0.003089003635816323,0.005086074168594745
1,dload,0.2,1,0.943649116665208,0.9514314616875282,0.007782345022320225,0.9083224455187088,0.9038944817377346,-0.004427963780974209,0.968902421829733,0.9718092016941197,0.0029067798643866993,0.0
1,ct_dst_sport_ltm,0.05,-1,0.943649116665208,0.939816899294612,-0.003832217370596025,0.9083224455187088,0.9024986059961275,-0.005823839522581253,0.968902421829733,0.9618060553378934,-0.007096366491839534,0.003832217370596025
1,ct_dst_sport_ltm,0.05,1,0.943649116665208,0.9212854328485564,-0.02236368381665166,0.9083224455187088,0.8756196593989932,-0.032702786119715554,0.968902421829733,0.9356939906508348,-0.03320843117889816,0.02236368381665166
1,ct_dst_sport_ltm,0.1,-1,0.943649116665208,0.939816899294612,-0.003832217370596025,0.9083224455187088,0.9024986059961275,-0.005823839522581253,0.968902421829733,0.9618051153632975,-0.007097306466435471,0.003832217370596025
1,ct_dst_sport_ltm,0.1,1,0.943649116665208,0.9212854328485564,-0.02236368381665166,0.9083224455187088,0.8756196593989932,-0.032702786119715554,0.968902421829733,0.9356464168936004,-0.033256004936132566,0.02236368381665166
1,ct_dst_sport_ltm,0.2,-1,0.943649116665208,0.939816899294612,-0.003832217370596025,0.9083224455187088,0.9024986059961275,-0.005823839522581253,0.968902421829733,0.9618021008459152,-0.007100320983817743,0.003832217370596025
1,ct_dst_sport_ltm,0.2,1,0.943649116665208,0.9212854328485564,-0.02236368381665166,0.9083224455187088,0.8756196593989932,-0.032702786119715554,0.968902421829733,0.9356037490496223,-0.03329867278011067,0.02236368381665166
1,dmean,0.05,-1,0.943649116665208,0.949160385285128,0.005511268619920018,0.9083224455187088,0.8996440371418707,-0.008678408376838087,0.968902421829733,0.9682000231196044,-0.00070239871012856,0.0
1,dmean,0.05,1,0.943649116665208,0.9478442112406389,0.00419509457543088,0.9083224455187088,0.8942553513171212,-0.014067094201587582,0.968902421829733,0.9645370424461553,-0.004365379383577617,0.0
1,dmean,0.1,-1,0.943649116665208,0.9492316102775922,0.005582493612384165,0.9083224455187088,0.8981863661505937,-0.010136079368115114,0.968902421829733,0.964662718934964,-0.0042397028947689375,0.0
1,dmean,0.1,1,0.943649116665208,0.9467405507428738,0.0030914340776657667,0.9083224455187088,0.8914029404990963,-0.01691950501961248,0.968902421829733,0.9629655315086352,-0.0059368903210977875,0.0
1,dmean,0.2,-1,0.943649116665208,0.9488881070523009,0.005238990387092857,0.9083224455187088,0.8967212400026362,-0.011601205516072577,0.968902421829733,0.9632158307181704,-0.005686591111562556,0.0
1,dmean,0.2,1,0.943649116665208,0.9339782107120383,-0.009670905953169662,0.9083224455187088,0.8841235025080219,-0.024198943010686924,0.968902421829733,0.9606966267543757,-0.008205795075357236,0.009670905953169662
1,rate,0.05,-1,0.943649116665208,0.9495735227146849,0.00592440604947686,0.9083224455187088,0.9073912956413217,-0.0009311498773870719,0.968902421829733,0.9721104716321188,0.0032080498023858706,0.0
1,rate,0.05,1,0.943649116665208,0.9438476076792998,0.00019849101409175063,0.9083224455187088,0.9049964834446099,-0.003325962074098854,0.968902421829733,0.9743307246210293,0.005428302791296358,0.0
1,rate,0.1,-1,0.943649116665208,0.9475123152709359,0.0038631986057279244,0.9083224455187088,0.9044786389157078,-0.0038438066030009876,0.968902421829733,0.9715952632067576,0.002692841377024635,0.0
1,rate,0.1,1,0.943649116665208,0.940689173341318,-0.0029599433238900463,0.9083224455187088,0.9022324881453447,-0.006089957373364041,0.968902421829733,0.9717496553808038,0.00284723355107086,0.0029599433238900463
1,rate,0.2,-1,0.943649116665208,0.9521391608561502,0.008490044190942236,0.9083224455187088,0.9028394565406247,-0.00548298897808408,0.968902421829733,0.9674835786572762,-0.001418843172456774,0.0
1,rate,0.2,1,0.943649116665208,0.939320176259846,-0.004328940405362025,0.9083224455187088,0.9004468919335986,-0.007875553585110162,0.968902421829733,0.971969377135934,0.003066955306201047,0.004328940405362025
1,swin,0.05,-1,0.943649116665208,0.943649116665208,0.0,0.9083224455187088,0.9083224455187088,0.0,0.968902421829733,0.9689021686560596,-2.5317367335908614e-07,0.0
1,swin,0.05,1,0.943649116665208,0.943649116665208,0.0,0.9083224455187088,0.9083224455187088,0.0,0.968902421829733,0.968902421829733,0.0,0.0
1,swin,0.1,-1,0.943649116665208,0.943649116665208,0.0,0.9083224455187088,0.9083224455187088,0.0,0.968902421829733,0.9689021686560596,-2.5317367335908614e-07,0.0
1,swin,0.1,1,0.943649116665208,0.943649116665208,0.0,0.9083224455187088,0.9083224455187088,0.0,0.968902421829733,0.968902421829733,0.0,0.0
1,swin,0.2,-1,0.943649116665208,0.9430654008967262,-0.0005837157684818184,0.9083224455187088,0.908514622516841,0.00019217699813223188,0.968902421829733,0.9721488900637224,0.0032464682339894413,0.0005837157684818184
1,swin,0.2,1,0.943649116665208,0.943649116665208,0.0,0.9083224455187088,0.9083224455187088,0.0,0.968902421829733,0.9689121474694631,9.725639730118196e-06,0.0
1,dwin,0.05,-1,0.943649116665208,0.9409589919643868,-0.002690124700821195,0.9083224455187088,0.9078928394216619,-0.00042960609704689734,0.968902421829733,0.9734856457125858,0.004583223882852816,0.002690124700821195
1,dwin,0.05,1,0.943649116665208,0.943649116665208,0.0,0.9083224455187088,0.9083224455187088,0.0,0.968902421829733,0.9689024225030671,6.733341662013004e-10,0.0
1,dwin,0.1,-1,0.943649116665208,0.9409589919643868,-0.002690124700821195,0.9083224455187088,0.9078928394216619,-0.00042960609704689734,0.968902421829733,0.9734856457125858,0.004583223882852816,0.002690124700821195
1,dwin,0.1,1,0.943649116665208,0.943649116665208,0.0,0.9083224455187088,0.9083224455187088,0.0,0.968902421829733,0.968902421829733,0.0,0.0
1,dwin,0.2,-1,0.943649116665208,0.9409589919643868,-0.002690124700821195,0.9083224455187088,0.9078928394216619,-0.00042960609704689734,0.968902421829733,0.9734856457125858,0.004583223882852816,0.002690124700821195
1,dwin,0.2,1,0.943649116665208,0.943649116665208,0.0,0.9083224455187088,0.9083224455187088,0.0,0.968902421829733,0.968902421829733,0.0,0.0
2,sttl,0.05,-1,0.9439726232702204,0.9411129390784533,-0.0028596841917670757,0.9081172657631114,0.907257448914872,-0.0008598168482393254,0.9682247802728583,0.9516914250319221,-0.016533355240936243,0.0028596841917670757
2,sttl,0.05,1,0.9439726232702204,0.9439594339740467,-1.318929617366571e-05,0.9081172657631114,0.9081046966328952,-1.2569130216188995e-05,0.9682247802728583,0.9628148635462579,-0.005409916726600406,1.318929617366571e-05
2,sttl,0.1,-1,0.9439726232702204,0.9411129390784533,-0.0028596841917670757,0.9081172657631114,0.907257448914872,-0.0008598168482393254,0.9682247802728583,0.9516914250319221,-0.016533355240936243,0.0028596841917670757
2,sttl,0.1,1,0.9439726232702204,0.9439594339740467,-1.318929617366571e-05,0.9081172657631114,0.9081046966328952,-1.2569130216188995e-05,0.9682247802728583,0.962814713392723,-0.005410066880135345,1.318929617366571e-05
2,sttl,0.2,-1,0.9439726232702204,0.9411129390784533,-0.0028596841917670757,0.9081172657631114,0.907257448914872,-0.0008598168482393254,0.9682247802728583,0.9516914250319221,-0.016533355240936243,0.0028596841917670757
2,sttl,0.2,1,0.9439726232702204,0.9439594339740467,-1.318929617366571e-05,0.9081172657631114,0.9081046966328952,-1.2569130216188995e-05,0.9682247802728583,0.962814713392723,-0.005410066880135345,1.318929617366571e-05
2,ct_state_ttl,0.05,-1,0.9439726232702204,0.8751229366577178,-0.06884968661250257,0.9081172657631114,0.84580575995963,-0.062311505803481326,0.9682247802728583,0.90131640614153,-0.06690837413132833,0.06884968661250257
2,ct_state_ttl,0.05,1,0.9439726232702204,0.9450694409876051,0.0010968177173847904,0.9081172657631114,0.907486903716409,-0.0006303620467023041,0.9682247802728583,0.9429031096541236,-0.025321670618734693,0.0
2,ct_state_ttl,0.1,-1,0.9439726232702204,0.8751229366577178,-0.06884968661250257,0.9081172657631114,0.84580575995963,-0.062311505803481326,0.9682247802728583,0.90131640614153,-0.06690837413132833,0.06884968661250257
2,ct_state_ttl,0.1,1,0.9439726232702204,0.9450694409876051,0.0010968177173847904,0.9081172657631114,0.907486903716409,-0.0006303620467023041,0.9682247802728583,0.942903102247447,-0.0253216780254113,0.0
2,ct_state_ttl,0.2,-1,0.9439726232702204,0.8751594726770147,-0.0688131505932057,0.9081172657631114,0.845802466008539,-0.062314799754572325,0.9682247802728583,0.9009764369915502,-0.06724834328130813,0.0688131505932057
2,ct_state_ttl,0.2,1,0.9439726232702204,0.9450694409876051,0.0010968177173847904,0.9081172657631114,0.907486903716409,-0.0006303620467023041,0.9682247802728583,0.9429031096541236,-0.025321670618734693,0.0
2,dload,0.05,-1,0.9439726232702204,0.9465506525792418,0.0025780293090214013,0.9081172657631114,0.909061945618672,0.0009446798555606817,0.9682247802728583,0.9756938419786352,0.0074690617057768804,0.0
2,dload,0.05,1,0.9439726232702204,0.9470949865789245,0.00312236330870419,0.9081172657631114,0.9067210560477226,-0.0013962097153887854,0.9682247802728583,0.9748275119683142,0.006602731695455888,0.0
2,dload,0.1,-1,0.9439726232702204,0.9420054471402514,-0.001967176129968995,0.9081172657631114,0.9052324345748728,-0.002884831188238568,0.9682247802728583,0.9729627000034986,0.004737919730640305,0.001967176129968995
2,dload,0.1,1,0.9439726232702204,0.9499221556152159,0.005949532344995512,0.9081172657631114,0.9053101965993227,-0.0028070691637887,0.9682247802728583,0.9734608185325714,0.005236038259713083,0.0
2,dload,0.2,-1,0.9439726232702204,0.9401880376075215,-0.0037845856626989027,0.9081172657631114,0.9028505416421808,-0.005266724120930544,0.9682247802728583,0.9717904587622775,0.003565678489419244,0.0037845856626989027
2,dload,0.2,1,0.9439726232702204,0.9504948081704285,0.006522184900208172,0.9081172657631114,0.9023580144806184,-0.005759251282492994,0.9682247802728583,0.9718915147846828,0.003666734511824532,0.0
2,ct_dst_sport_ltm,0.05,-1,0.9439726232702204,0.9398882513968575,-0.0040843718733628576,0.9081172657631114,0.9022377751657795,-0.005879490597331838,0.9682247802728583,0.9612162731256981,-0.00700850714716017,0.0040843718733628576
2,ct_dst_sport_ltm,0.05,1,0.9439726232702204,0.9221606439802392,-0.02181197928998113,0.9081172657631114,0.876465085074569,-0.031652180688542364,0.9682247802728583,0.9362211534522533,-0.03200362682060498,0.02181197928998113
2,ct_dst_sport_ltm,0.1,-1,0.9439726232702204,0.9398882513968575,-0.0040843718733628576,0.9081172657631114,0.9022377751657795,-0.005879490597331838,0.9682247802728583,0.9612137245556083,-0.007011055717250025,0.0040843718733628576
2,ct_dst_sport_ltm,0.1,1,0.9439726232702204,0.9221606439802392,-0.02181197928998113,0.9081172657631114,0.876465085074569,-0.031652180688542364,0.9682247802728583,0.9361783118880418,-0.03204646838481651,0.02181197928998113
2,ct_dst_sport_ltm,0.2,-1,0.9439726232702204,0.9398882513968575,-0.0040843718733628576,0.9081172657631114,0.9022377751657795,-0.005879490597331838,0.9682247802728583,0.9612007002514473,-0.007024080021410972,0.0040843718733628576
2,ct_dst_sport_ltm,0.2,1,0.9439726232702204,0.9221606439802392,-0.02181197928998113,0.9081172657631114,0.876465085074569,-0.031652180688542364,0.9682247802728583,0.936164548936222,-0.03206023133663627,0.02181197928998113
2,dmean,0.05,-1,0.9439726232702204,0.9500664237224098,0.006093800452189435,0.9081172657631114,0.901690637230864,-0.006426628532247403,0.9682247802728583,0.9681737637576663,-5.1016515192015e-05,0.0
2,dmean,0.05,1,0.9439726232702204,0.9503008204193254,0.0063281971491050415,0.9081172657631114,0.9002416347445638,-0.007875631018547602,0.9682247802728583,0.9652518897596716,-0.002972890513186721,0.0
2,dmean,0.1,-1,0.9439726232702204,0.9500036422795813,0.006031019009360983,0.9081172657631114,0.89902416362259,-0.009093102140521392,0.9682247802728583,0.96526292436116,-0.0029618559116982857,0.0
2,dmean,0.1,1,0.9439726232702204,0.9460864507216344,0.0021138274514140853,0.9081172657631114,0.8914092678209284,-0.016707997942182917,0.9682247802728583,0.9645442780958744,-0.003680502176983902,0.0
2,dmean,0.2,-1,0.9439726232702204,0.9491430926235668,0.0051704693533464186,0.9081172657631114,0.8964942159376975,-0.011623049825413845,0.9682247802728583,0.962867338503409,-0.0053574417694493,0.0
2,dmean,0.2,1,0.9439726232702204,0.9144183422240459,-0.029554281046174413,0.9081172657631114,0.8798767713504794,-0.02824049441263199,0.9682247802728583,0.9634204314063234,-0.004804348866534913,0.029554281046174413
2,rate,0.05,-1,0.9439726232702204,0.948850050533685,0.004877427263464629,0.9081172657631114,0.9071516149127159,-0.0009656508503954608,0.9682247802728583,0.9731037554462976,0.0048789751734392706,0.0
2,rate,0.05,1,0.9439726232702204,0.9468948679497825,0.002922244679562147,0.9081172657631114,0.9076582787266,-0.0004589870365113713,0.9682247802728583,0.9733234361280393,0.005098655855180989,0.0
2,rate,0.1,-1,0.9439726232702204,0.9466425308163089,0.0026699075460885346,0.9081172657631114,0.9030318025456505,-0.005085463217460839,0.9682247802728583,0.9704036151261358,0.0021788348532775226,0.0
2,rate,0.1,1,0.9439726232702204,0.9447971671740075,0.0008245439037871671,0.9081172657631114,0.9059993265849622,-0.002117939178149175,0.9682247802728583,0.9723355766944799,0.004110796421621599,0.0
2,rate,0.2,-1,0.9439726232702204,0.9344244057404912,-0.00954821752972912,0.9081172657631114,0.8860948608626171,-0.02202240490049423,0.9682247802728583,0.962662445588197,-0.005562334684661274,0.00954821752972912
2,rate,0.2,1,0.9439726232702204,0.9441299959128572,0.0001573726426368216,0.9081172657631114,0.9028416165968594,-0.0052756491662520055,0.9682247802728583,0.9707047221172493,0.0024799418443910426,0.0
2,swin,0.05,-1,0.9439726232702204,0.9438898536963231,-8.276957389730111e-05,0.9081172657631114,0.9082250133811713,0.00010774761805998345,0.9682247802728583,0.970881672334929,0.002656892062070648,8.276957389730111e-05
2,swin,0.05,1,0.9439726232702204,0.9439726232702204,0.0,0.9081172657631114,0.9081172657631114,0.0,0.9682247802728583,0.9682247802728583,0.0,0.0
2,swin,0.1,-1,0.9439726232702204,0.9438898536963231,-8.276957389730111e-05,0.9081172657631114,0.9082250133811713,0.00010774761805998345,0.9682247802728583,0.970881672334929,0.002656892062070648,8.276957389730111e-05
2,swin,0.1,1,0.9439726232702204,0.9439726232702204,0.0,0.9081172657631114,0.9081172657631114,0.0,0.9682247802728583,0.9682247802728583,0.0,0.0
2,swin,0.2,-1,0.9439726232702204,0.9431752783685725,-0.0007973449016478451,0.9081172657631114,0.9079962548072361,-0.0001210109558752448,0.9682247802728583,0.9726031610672327,0.004378380794374359,0.0007973449016478451
2,swin,0.2,1,0.9439726232702204,0.9439726232702204,0.0,0.9081172657631114,0.9081172657631114,0.0,0.9682247802728583,0.9682247802728583,0.0,0.0
2,dwin,0.05,-1,0.9439726232702204,0.9410286374888478,-0.00294398578137256,0.9081172657631114,0.9075057106150038,-0.0006115551481075121,0.9682247802728583,0.9734496654242574,0.005224885151399072,0.00294398578137256
2,dwin,0.05,1,0.9439726232702204,0.9439726232702204,0.0,0.9081172657631114,0.9081172657631114,0.0,0.9682247802728583,0.9682247802728583,0.0,0.0
2,dwin,0.1,-1,0.9439726232702204,0.9410286374888478,-0.00294398578137256,0.9081172657631114,0.9075057106150038,-0.0006115551481075121,0.9682247802728583,0.9734496654242574,0.005224885151399072,0.00294398578137256
2,dwin,0.1,1,0.9439726232702204,0.9439726232702204,0.0,0.9081172657631114,0.9081172657631114,0.0,0.9682247802728583,0.9682247802728583,0.0,0.0
2,dwin,0.2,-1,0.9439726232702204,0.9410286374888478,-0.00294398578137256,0.9081172657631114,0.9075057106150038,-0.0006115551481075121,0.9682247802728583,0.9734496654242574,0.005224885151399072,0.00294398578137256
2,dwin,0.2,1,0.9439726232702204,0.9439726232702204,0.0,0.9081172657631114,0.9081172657631114,0.0,0.9682247802728583,0.9682247802728583,0.0,0.0
3,sttl,0.05,-1,0.9447103400139595,0.9406806236750668,-0.004029716338892708,0.9079465518102482,0.9058136356123332,-0.0021329161979150024,0.9670536229249548,0.9554047568532649,-0.011648866071689912,0.004029716338892708
3,sttl,0.05,1,0.9447103400139595,0.9446881698987986,-2.2170115160924375e-05,0.9079465518102482,0.9078787606116486,-6.779119859956495e-05,0.9670536229249548,0.9612034007911952,-0.0058502221337596305,2.2170115160924375e-05
3,sttl,0.1,-1,0.9447103400139595,0.9406806236750668,-0.004029716338892708,0.9079465518102482,0.9058136356123332,-0.0021329161979150024,0.9670536229249548,0.9554047568532649,-0.011648866071689912,0.004029716338892708
3,sttl,0.1,1,0.9447103400139595,0.9446881698987986,-2.2170115160924375e-05,0.9079465518102482,0.9078787606116486,-6.779119859956495e-05,0.9670536229249548,0.9612034007911952,-0.0058502221337596305,2.2170115160924375e-05
3,sttl,0.2,-1,0.9447103400139595,0.9406806236750668,-0.004029716338892708,0.9079465518102482,0.9058136356123332,-0.0021329161979150024,0.9670536229249548,0.9554047568532649,-0.011648866071689912,0.004029716338892708
3,sttl,0.2,1,0.9447103400139595,0.9446881698987986,-2.2170115160924375e-05,0.9079465518102482,0.9078787606116486,-6.779119859956495e-05,0.9670536229249548,0.9612034007911952,-0.0058502221337596305,2.2170115160924375e-05
3,ct_state_ttl,0.05,-1,0.9447103400139595,0.8689283474966315,-0.07578199251732798,0.9079465518102482,0.839388576085268,-0.06855797572498024,0.9670536229249548,0.8933693587359184,-0.0736842641890364,0.07578199251732798
3,ct_state_ttl,0.05,1,0.9447103400139595,0.9454279117113986,0.0007175716974391344,0.9079465518102482,0.9064445865866503,-0.001501965223597912,0.9670536229249548,0.9472093923488573,-0.01984423057609752,0.0
3,ct_state_ttl,0.1,-1,0.9447103400139595,0.8689283474966315,-0.07578199251732798,0.9079465518102482,0.839388576085268,-0.06855797572498024,0.9670536229249548,0.8933693587359184,-0.0736842641890364,0.07578199251732798
3,ct_state_ttl,0.1,1,0.9447103400139595,0.9454279117113986,0.0007175716974391344,0.9079465518102482,0.9064445865866503,-0.001501965223597912,0.9670536229249548,0.9472093923488573,-0.01984423057609752,0.0
3,ct_state_ttl,0.2,-1,0.9447103400139595,0.8689167556029883,-0.07579358441097117,0.9079465518102482,0.8393617894143155,-0.0685847623959327,0.9670536229249548,0.8931931684162152,-0.07386045450873957,0.07579358441097117
3,ct_state_ttl,0.2,1,0.9447103400139595,0.9454279117113986,0.0007175716974391344,0.9079465518102482,0.9064445865866503,-0.001501965223597912,0.9670536229249548,0.9472093923488573,-0.01984423057609752,0.0
3,dload,0.05,-1,0.9447103400139595,0.948289105280111,0.003578765266151529,0.9079465518102482,0.9096471811960799,0.001700629385831709,0.9670536229249548,0.9751237107056989,0.00807008778074414,0.0
3,dload,0.05,1,0.9447103400139595,0.9475180460793039,0.0028077060653444175,0.9079465518102482,0.9069081230559126,-0.0010384287543355741,0.9670536229249548,0.975057972561566,0.00800434963661123,0.0
3,dload,0.1,-1,0.9447103400139595,0.9417140003745085,-0.0029963396394510067,0.9079465518102482,0.9042644716833126,-0.003682080126935605,0.9670536229249548,0.9720370163740661,0.004983393449111362,0.0029963396394510067
3,dload,0.1,1,0.9447103400139595,0.9493395588867728,0.004629218872813312,0.9079465518102482,0.9059090908613441,-0.002037460948904113,0.9670536229249548,0.9733451083447546,0.006291485419799847,0.0
3,dload,0.2,-1,0.9447103400139595,0.9383801934546183,-0.0063301465593411654,0.9079465518102482,0.9014476297803333,-0.0064989220299148664,0.9670536229249548,0.9713785467936684,0.004324923868713637,0.0063301465593411654
3,dload,0.2,1,0.9447103400139595,0.9510938568219552,0.006383516807995759,0.9079465518102482,0.9044649815071708,-0.003481570303077386,0.9670536229249548,0.9720357901975547,0.004982167272599924,0.0
3,ct_dst_sport_ltm,0.05,-1,0.9447103400139595,0.9408171152863145,-0.0038932247276449727,0.9079465518102482,0.9019902792119868,-0.00595627259826137,0.9670536229249548,0.9597556795694724,-0.007297943355482395,0.0038932247276449727
3,ct_dst_sport_ltm,0.05,1,0.9447103400139595,0.9225792700510287,-0.022131069962930794,0.9079465518102482,0.8770894805278766,-0.030857071282371584,0.9670536229249548,0.9341686711656206,-0.03288495175933415,0.022131069962930794
3,ct_dst_sport_ltm,0.1,-1,0.9447103400139595,0.9408171152863145,-0.0038932247276449727,0.9079465518102482,0.9019902792119868,-0.00595627259826137,0.9670536229249548,0.9597539827189456,-0.00729964020600915,0.0038932247276449727
3,ct_dst_sport_ltm,0.1,1,0.9447103400139595,0.9225792700510287,-0.022131069962930794,0.9079465518102482,0.8770894805278766,-0.030857071282371584,0.9670536229249548,0.9341342681945464,-0.03291935473040841,0.022131069962930794
3,ct_dst_sport_ltm,0.2,-1,0.9447103400139595,0.9408171152863145,-0.0038932247276449727,0.9079465518102482,0.9019902792119868,-0.00595627259826137,0.9670536229249548,0.9597448257862822,-0.007308797138672607,0.0038932247276449727
3,ct_dst_sport_ltm,0.2,1,0.9447103400139595,0.9225792700510287,-0.022131069962930794,0.9079465518102482,0.8770894805278766,-0.030857071282371584,0.9670536229249548,0.9341147301727681,-0.032938892752186644,0.022131069962930794
3,dmean,0.05,-1,0.9447103400139595,0.9511411747530294,0.006430834739069913,0.9079465518102482,0.902249268430503,-0.005697283379745177,0.9670536229249548,0.9673383928244684,0.0002847698995136483,0.0
3,dmean,0.05,1,0.9447103400139595,0.9496230211641494,0.004912681150189946,0.9079465518102482,0.897347488104896,-0.01059906370535224,0.9670536229249548,0.9646720292422398,-0.0023815936827149553,0.0
3,dmean,0.1,-1,0.9447103400139595,0.9506796116504854,0.005969271636525941,0.9079465518102482,0.8998545154026125,-0.008092036407635672,0.9670536229249548,0.9646855306509343,-0.0023680922740204613,0.0
3,dmean,0.1,1,0.9447103400139595,0.9481077808053285,0.003397440791369055,0.9079465518102482,0.8942616718260754,-0.013684879984172782,0.9670536229249548,0.9643488310651249,-0.002704791859829858,0.0
3,dmean,0.2,-1,0.9447103400139595,0.9510194686405873,0.006309128626627802,0.9079465518102482,0.899251171243669,-0.008695380566579147,0.9670536229249548,0.9631482938303971,-0.0039053290945576524,0.0
3,dmean,0.2,1,0.9447103400139595,0.9282364036466519,-0.01647393636730754,0.9079465518102482,0.8879621533004094,-0.019984398509838797,0.9670536229249548,0.9639956605821998,-0.003057962342755016,0.01647393636730754
3,rate,0.05,-1,0.9447103400139595,0.9437886732437066,-0.0009216667702528492,0.9079465518102482,0.904437678374173,-0.0035088734360751994,0.9670536229249548,0.9735685189171887,0.006514895992233871,0.0009216667702528492
3,rate,0.05,1,0.9447103400139595,0.9480332903992866,0.0033229503853271503,0.9079465518102482,0.9090294387217353,0.0010828869114870576,0.9670536229249548,0.9732172647979931,0.006163641873038306,0.0
3,rate,0.1,-1,0.9447103400139595,0.9453257125927389,0.0006153725787794162,0.9079465518102482,0.9025748765393777,-0.005371675270870457,0.9670536229249548,0.9700721853411759,0.0030185624162211155,0.0
3,rate,0.1,1,0.9447103400139595,0.9439992047812528,-0.0007111352327067166,0.9079465518102482,0.9047793089268104,-0.0031672428834378374,0.9670536229249548,0.9703409563642955,0.003287333439340734,0.0007111352327067166
3,rate,0.2,-1,0.9447103400139595,0.9495556908094949,0.004845350795535386,0.9079465518102482,0.9000575280809976,-0.0078890237292506,0.9670536229249548,0.9662304208060292,-0.0008232021189256145,0.0
3,rate,0.2,1,0.9447103400139595,0.9441351173720564,-0.0005752226419031281,0.9079465518102482,0.9036812358764633,-0.0042653159337848745,0.9670536229249548,0.9712691847772265,0.0042155618522716765,0.0005752226419031281
3,swin,0.05,-1,0.9447103400139595,0.9447103400139595,0.0,0.9079465518102482,0.9079465518102482,0.0,0.9670536229249548,0.9670521900289545,-1.43289600029739e-06,0.0
3,swin,0.05,1,0.9447103400139595,0.9447103400139595,0.0,0.9079465518102482,0.9079465518102482,0.0,0.9670536229249548,0.9670536788132856,5.588833085212741e-08,0.0
3,swin,0.1,-1,0.9447103400139595,0.9447103400139595,0.0,0.9079465518102482,0.9079465518102482,0.0,0.9670536229249548,0.9670521900289545,-1.43289600029739e-06,0.0
3,swin,0.1,1,0.9447103400139595,0.9447103400139595,0.0,0.9079465518102482,0.9079465518102482,0.0,0.9670536229249548,0.9670536788132856,5.588833085212741e-08,0.0
3,swin,0.2,-1,0.9447103400139595,0.9444375140340809,-0.00027282597987854373,0.9079465518102482,0.9080899774276594,0.00014342561741120807,0.9670536229249548,0.971244510415838,0.004190887490883255,0.00027282597987854373
3,swin,0.2,1,0.9447103400139595,0.9447103400139595,0.0,0.9079465518102482,0.9079465518102482,0.0,0.9670536229249548,0.9670541932552708,5.703303159743101e-07,0.0
3,dwin,0.05,-1,0.9447103400139595,0.9447103400139595,0.0,0.9079465518102482,0.9079465518102482,0.0,0.9670536229249548,0.9670536229249548,0.0,0.0
3,dwin,0.05,1,0.9447103400139595,0.9447103400139595,0.0,0.9079465518102482,0.9079465518102482,0.0,0.9670536229249548,0.9670536229249548,0.0,0.0
3,dwin,0.1,-1,0.9447103400139595,0.9447103400139595,0.0,0.9079465518102482,0.9079465518102482,0.0,0.9670536229249548,0.9670536229249548,0.0,0.0
3,dwin,0.1,1,0.9447103400139595,0.9447103400139595,0.0,0.9079465518102482,0.9079465518102482,0.0,0.9670536229249548,0.9670536229249548,0.0,0.0
3,dwin,0.2,-1,0.9447103400139595,0.9447103400139595,0.0,0.9079465518102482,0.9079465518102482,0.0,0.9670536229249548,0.9670536229249548,0.0,0.0
3,dwin,0.2,1,0.9447103400139595,0.9447103400139595,0.0,0.9079465518102482,0.9079465518102482,0.0,0.9670536229249548,0.9670536229249548,0.0,0.0
